stripID,area,perimeter,number_quadrats
1,6466.680081,587.46003,20
2,1122.612399,513.416956,4
