stripID,area,perimeter,number_quadrats
1,598.958049,100.510851,2
2,2674.754436,541.083705,8
3,5035.217686,969.120521,14
