stripID,area,perimeter,number_quadrats
1,822.76795,282.66388,2
2,836.289858,288.761265,3
3,2836.606724,1030.987464,8
4,3786.193999,1156.153968,11
