stripID,area,perimeter,number_quadrats
1,1918.130917,695.869185,6
2,2795.069377,946.351535,9
3,2051.82772,760.295186,6
4,798.75178,221.606457,3
