stripID,area,perimeter,number_quadrats
1,6171.39985,716.772437,3
2,6670.837644,729.173573,3
3,12453.63024,798.731365,5
4,4277.449475,699.120248,2
5,7404.187732,1676.804182,3
6,3503.187576,807.079144,2
7,2462.202127,579.533533,1
8,1379.138159,180.404498,1
9,2041.875899,248.003373,1
10,961.229378,161.850402,1
11,3433.253986,817.898191,1
12,2892.167291,596.064726,1
