stripID,area,perimeter,number_quadrats
1,1944.742501,640.307681,6
2,1853.308761,609.620597,5
3,1594.220779,529.59515,5
4,1507.242868,501.952153,4
5,1256.987102,414.370004,4
