stripID,area,perimeter,number_quadrats
2,1082.417953,260.728533,7
1,1629.799324,344.7124603,10
3,1037.357099,240.625145,7
