stripID,area,perimeter,number_quadrats
1,1629.799324,344.71246,3
2,1082.417953,260.728533,3
3,1037.357099,240.625145,3
4,2996.450058,460.275262,3
5,13917.7954,695.464674,2
6,22849.51853,1108.917164,6
7,9879.185947,597.453028,4
