stripID,area,perimeter,number_quadrats
1,6411.511798,729.600212,2
2,2758.314157,210.588794,1
3,6360.841851,723.159706,1
4,47090.50885,1294.838548,11
5,8201.779981,364.134481,2
6,30321.50051,1804.911347,7
