stripID,area,perimeter,quadrat_number
1,3161.494131,297.515719,21
2,3100.749787,248.352973,3
