stripID,area,perimeter,quadrat_number
1,1672.768162,501.963738,20
2,588.597252,1672.768162,4
