stripID,area,perimeter,number_quadrats
1,3294.292616,239.486036,1
2,9508.798856,437.568114,4
3,8491.772375,591.973847,3
4,19400.38497,2400.214785,7
5,9387.457049,1805.508359,3
6,14951.30563,627.81169,6
