stripID,area,perimeter,number_quadrats
1,927.326722,201.298113,1
2,1197.028092,276.024643,2
3,3432.641428,426.936035,5
4,2924.564954,341.591376,4
5,780.477573,180.002387,1
6,403.93743,101.213499,1
7,660.045905,150.424595,1
8,1100.823008,261.691651,1
9,848.611929,216.135509,1
10,1201.401113,282.614397,2
11,777.401458,213.887386,1
12,582.155909,166.417069,1
13,2487.674101,607.337021,3
