stripID,area,perimeter ,number_quadrats
1,3173.146995,734.594851,3
2,3670.062657,815.503484,4
3,4108.661207,937.870949,5
4,5060.830132,1141.014201,6
5,5661.529861,1278.205242,6
