stripID,area,perimeter ,number_quadrats
1,2354.95344,528.153309,2
2,3173.146995,734.594851,3
3,3670.062657,815.503484,4
4,4108.661207,937.870949,4
5,5060.830132,1141.014201,5
6,5661.529861,1278.205242,6
