stripID,area,perimeter,number_quadrats
4,3659.051712,256.8698502,16
5,1999.863729,181.617155,8
