stripID,area,perimeter,number_quadrats
1,1642.612288,447.145237,1
2,1874.592365,471.914564,2
3,1903.194222,507.578477,2
4,2046.035282,549.9285,2
5,1798.811057,471.054894,2
6,1777.487059,384.138719,1
7,4591.433029,922.543201,4
8,2145.192577,455.801334,2
9,4130.367863,807.523306,3
10,1792.326396,373.127191,1
11,1713.660688,324.935583,1
12,1629.799324,344.71246,1
13,1082.417953,260.728533,1
14,1037.357099,240.625145,1
