stripID,area,perimeter,number_quadrat
1,1184.078849,165.125406,4
2,5576.035347,580.920871,20
