stripID,area,perimeter,number_quadrats
1,5599.008276,1268.433499,5
2,27844.80755,2430.141479,12
3,4948.5127,1286.812992,5
4,1528.949332,593.5599752,1
5,2820.083603,324.9985478,3
6,3864.673142,1009.551622,3
7,1802.883977,570.9345084,2
8,5980.726662,1549.604546,5
