stripID,area,perimeter,number_quadrats
1,3421.070156,1212.060337,16
2,1019.639692,329.451403,8
