stripID,area,perimeter,number_quadrats
1,2249.873501,637.288566,7
2,878.757158,132.476054,3
3,627.362071,195.546907,2
4,526.004964,104.158726,2
5,395.82339,94.969142,1
6,971.795219,313.044958,3
7,457.168492,142.183748,1
8,1500.494515,408.664403,4
9,467.567942,103.203064,1
