stripID,area,perimeter,number_quadrats
1,2038.726806,306.563987,4
2,1805.913648,324.656305,4
3,1641.048014,265.596769,3
4,1584.20174,233.207166,3
5,2198.071029,320.156718,4
6,313.592776,73.719322,1
7,1103.163543,203.611814,2
8,1708.361922,275.642957,3
