stripID,area,perimeter,number_quadrats
1,1298.399905,257.043755,1
2,887.137596,212.22715,1
3,743.482024,197.97752,1
4,2244.544673,528.697406,1
5,641.915453,158.247398,1
6,946.084092,234.226832,1
7,2249.177916,519.112544,1
8,5370.814691,1181.283461,3
9,4477.372033,1007.540628,2
10,5238.586757,1190.376723,3
11,1629.490521,355.062693,1
12,3707.370725,834.38779,2
13,2236.107318,455.492061,1
14,3919.309382,615.670278,2
15,2259.63328,527.191539,1
16,4451.095036,1066.856924,2
