stripID,area,perimeter,number_quadrats
1,21197.72572,1510.63563,13
2,3431.919852,348.546717,2
3,2098.182186,261.221794,1
4,6214.568402,874.660923,4
5,6283.81066,878.118433,4
