stripID,area,perimeter,number_quadrats
1,2383.494617,236.193215,4
2,5754.644329,295.853552,9
3,921.27326,143.04757,2
4,3659.051712,256.86985,6
5,1999.863729,181.617155,3
