stripID,area,perimeter,number_quadrats
1,3421.070156,1212.060337,16
2,1665.715524,468.849881,8
