stripID,area,perimeter,number_quadrats
1,467.567942,103.203064,1
2,971.795219,313.044958,3
3,1500.494515,408.664403,4
4,457.168492,142.183748,1
5,878.757158,132.476054,3
6,2249.873501,637.288566,7
7,627.362071,195.546907,2
8,395.82339,94.969142,1
9,526.004964,104.158726,2
