stripID,area,perimeter,number_quadrats
4,4141.260271,777.007007,7
1,3251.009341,645.734124,6
3,3231.248563,676.45994,5
2,3377.021083,655.068811,6
