stripID,area,perimeter,number_quadrats
1,2107.918326,262.227338,3
2,4274.850449,929.223618,6
3,7005.978524,1345.273034,11
4,2827.626901,722.942707,4
