stripID,area,perimeter,number_quadrats
1,4683.272266,563.402901,7
2,2262.130471,292.357051,3
3,3279.906506,752.665229,5
4,2076.027712,455.228463,3
5,4549.57895,974.217446,6
