stripID,area,perimeter,number_quadrats
1,6397.815738,953.614513,17
2,2618.067233,800.763923,7
